timestamp,service,volume_mbps
18:20:59,Web_Traffic,110.51
18:20:59,Video_Stream,552.44
18:20:59,IoT_Telemetry,50.97
18:21:59,Web_Traffic,127.85
18:21:59,Video_Stream,553.31
18:21:59,IoT_Telemetry,46.25
18:22:59,Web_Traffic,132.12
18:22:59,Video_Stream,539.18
18:22:59,IoT_Telemetry,50.95
18:23:59,Web_Traffic,140.32
18:23:59,Video_Stream,514.14
18:23:59,IoT_Telemetry,45.65
18:24:59,Web_Traffic,140.34
18:24:59,Video_Stream,576.16
18:24:59,IoT_Telemetry,45.0
18:25:59,Web_Traffic,129.22
18:25:59,Video_Stream,575.96
18:25:59,IoT_Telemetry,44.84
18:26:59,Web_Traffic,133.09
18:26:59,Video_Stream,524.23
18:26:59,IoT_Telemetry,48.08
18:27:59,Web_Traffic,152.03
18:27:59,Video_Stream,528.11
18:27:59,IoT_Telemetry,40.52
18:28:59,Web_Traffic,156.51
18:28:59,Video_Stream,513.56
18:28:59,IoT_Telemetry,46.19
18:29:59,Web_Traffic,147.8
18:29:59,Video_Stream,471.64
18:29:59,IoT_Telemetry,43.84
18:30:59,Web_Traffic,151.99
18:30:59,Video_Stream,514.6
18:30:59,IoT_Telemetry,45.47
18:31:59,Web_Traffic,159.99
18:31:59,Video_Stream,437.19
18:31:59,IoT_Telemetry,38.83
18:32:59,Web_Traffic,140.15
18:32:59,Video_Stream,451.03
18:32:59,IoT_Telemetry,39.89
18:33:59,Web_Traffic,147.38
18:33:59,Video_Stream,465.51
18:33:59,IoT_Telemetry,42.85
18:34:59,Web_Traffic,137.22
18:34:59,Video_Stream,385.89
18:34:59,IoT_Telemetry,36.96
18:35:59,Web_Traffic,146.42
18:35:59,Video_Stream,411.52
18:35:59,IoT_Telemetry,38.91
18:36:59,Web_Traffic,151.41
18:36:59,Video_Stream,381.51
18:36:59,IoT_Telemetry,43.29
18:37:59,Web_Traffic,155.81
18:37:59,Video_Stream,381.21
18:37:59,IoT_Telemetry,37.39
18:38:59,Web_Traffic,138.52
18:38:59,Video_Stream,335.23
18:38:59,IoT_Telemetry,43.52
18:39:59,Web_Traffic,147.58
18:39:59,Video_Stream,327.94
18:39:59,IoT_Telemetry,43.62
18:40:59,Web_Traffic,157.88
18:40:59,Video_Stream,312.44
18:40:59,IoT_Telemetry,44.92
18:41:59,Web_Traffic,147.23
18:41:59,Video_Stream,317.63
18:41:59,IoT_Telemetry,40.93
18:42:59,Web_Traffic,142.66
18:42:59,Video_Stream,311.83
18:42:59,IoT_Telemetry,46.42
18:43:59,Web_Traffic,132.75
18:43:59,Video_Stream,278.13
18:43:59,IoT_Telemetry,46.85
18:44:59,Web_Traffic,139.18
18:44:59,Video_Stream,264.99
18:44:59,IoT_Telemetry,45.57
18:45:59,Web_Traffic,147.23
18:45:59,Video_Stream,270.53
18:45:59,IoT_Telemetry,44.69
18:46:59,Web_Traffic,119.66
18:46:59,Video_Stream,252.32
18:46:59,IoT_Telemetry,47.11
18:47:59,Web_Traffic,139.26
18:47:59,Video_Stream,279.4
18:47:59,IoT_Telemetry,47.71
18:48:59,Web_Traffic,118.42
18:48:59,Video_Stream,259.33
18:48:59,IoT_Telemetry,49.8
18:49:59,Web_Traffic,134.88
18:49:59,Video_Stream,238.8
18:49:59,IoT_Telemetry,51.52
18:50:59,Web_Traffic,128.65
18:50:59,Video_Stream,264.8
18:50:59,IoT_Telemetry,45.24
18:51:59,Web_Traffic,127.94
18:51:59,Video_Stream,235.08
18:51:59,IoT_Telemetry,51.21
18:52:59,Web_Traffic,115.79
18:52:59,Video_Stream,239.46
18:52:59,IoT_Telemetry,49.4
18:53:59,Web_Traffic,118.16
18:53:59,Video_Stream,275.27
18:53:59,IoT_Telemetry,49.65
18:54:59,Web_Traffic,101.82
18:54:59,Video_Stream,262.27
18:54:59,IoT_Telemetry,57.56
18:55:59,Web_Traffic,102.2
18:55:59,Video_Stream,240.07
18:55:59,IoT_Telemetry,52.19
18:56:59,Web_Traffic,102.55
18:56:59,Video_Stream,259.93
18:56:59,IoT_Telemetry,51.04
18:57:59,Web_Traffic,105.44
18:57:59,Video_Stream,291.71
18:57:59,IoT_Telemetry,56.42
18:58:59,Web_Traffic,104.76
18:58:59,Video_Stream,282.38
18:58:59,IoT_Telemetry,62.51
18:59:59,Web_Traffic,92.54
18:59:59,Video_Stream,301.19
18:59:59,IoT_Telemetry,61.26
19:00:59,Web_Traffic,89.03
19:00:59,Video_Stream,334.11
19:00:59,IoT_Telemetry,57.85
19:01:59,Web_Traffic,90.01
19:01:59,Video_Stream,354.17
19:01:59,IoT_Telemetry,62.66
19:02:59,Web_Traffic,96.64
19:02:59,Video_Stream,352.05
19:02:59,IoT_Telemetry,63.51
19:03:59,Web_Traffic,82.89
19:03:59,Video_Stream,349.14
19:03:59,IoT_Telemetry,60.29
19:04:59,Web_Traffic,91.1
19:04:59,Video_Stream,400.49
19:04:59,IoT_Telemetry,64.37
19:05:59,Web_Traffic,94.06
19:05:59,Video_Stream,416.75
19:05:59,IoT_Telemetry,55.86
19:06:59,Web_Traffic,95.69
19:06:59,Video_Stream,386.92
19:06:59,IoT_Telemetry,55.75
19:07:59,Web_Traffic,82.98
19:07:59,Video_Stream,431.32
19:07:59,IoT_Telemetry,58.58
19:08:59,Web_Traffic,84.7
19:08:59,Video_Stream,428.69
19:08:59,IoT_Telemetry,57.48
19:09:59,Web_Traffic,83.52
19:09:59,Video_Stream,419.31
19:09:59,IoT_Telemetry,62.04
19:10:59,Web_Traffic,99.62
19:10:59,Video_Stream,464.91
19:10:59,IoT_Telemetry,63.73
19:11:59,Web_Traffic,90.21
19:11:59,Video_Stream,472.13
19:11:59,IoT_Telemetry,58.19
19:12:59,Web_Traffic,88.13
19:12:59,Video_Stream,474.59
19:12:59,IoT_Telemetry,51.98
19:13:59,Web_Traffic,105.86
19:13:59,Video_Stream,542.07
19:13:59,IoT_Telemetry,62.61
19:14:59,Web_Traffic,109.1
19:14:59,Video_Stream,563.59
19:14:59,IoT_Telemetry,51.09
19:15:59,Web_Traffic,112.44
19:15:59,Video_Stream,481.52
19:15:59,IoT_Telemetry,55.14
19:16:59,Web_Traffic,100.3
19:16:59,Video_Stream,533.36
19:16:59,IoT_Telemetry,57.8
19:17:59,Web_Traffic,102.4
19:17:59,Video_Stream,508.05
19:17:59,IoT_Telemetry,54.4
19:18:59,Web_Traffic,115.81
19:18:59,Video_Stream,598.32
19:18:59,IoT_Telemetry,51.44
19:19:59,Web_Traffic,108.6
19:19:59,Video_Stream,531.49
19:19:59,IoT_Telemetry,55.92
